{
    "status": 0,
    "content": {
        "id": 1,
        "name": "陈智勤",
        "title": "副主任医师",
        "hospital": "上海第一妇婴保健院",
        "profile": "../img/doctors/chenzhiqing-profile.jpg",
        "year": 20,
        "people": "5000",
        "intro": "陈智勤，医学硕士，上海第一妇婴保健院生殖中心副主任医师，中华医学会上海生殖学组青年委员，主要从事妇科及不孕症诊疗工作和辅助生殖临床工作。擅长试管婴儿技术及妇科内分泌疾病的诊治。每年诊治来自全国各地以及国外慕名而来的不孕不育患者达2万人次，年完成试管婴儿500余例，具有稳定和相对较高的成功率，高超的手术技术享有“陈仙手”的美誉。"
    }
}
