{
    "status": 0,
    "content": {
        "id": 4,
        "name": "高敏芝",
        "title": "副主任医师",
        "hospital": "仁济北院",
        "profile": "../img/doctors/gaominzhi-profile.jpg",
        "address": "上海市灵山路845号，1楼挂号，4楼3诊室就诊",
        "year": 18,
        "people": 3000,
        "intro": "高敏芝，副主任医师，上海交通大学医学院附属仁济医院生殖医学科副主任医师、硕士生导师，医学博士，在治疗不孕不育症方面具有丰富的临床和研究经验，特别擅长应用辅助生殖技术（人工授精、试管婴儿）及宫腔镜等技术助孕。参加科研项目10余项，其中以第一负责人承担包括国家自然科学基金、上海市自然科学基金等项目5项，发表论文30余篇，其中SCI收录4篇，参编专著4部。兼任《生殖与避孕》、《Journal of Reproduction & Contraception》、《上海交通大学学报（医学版）》、《中国生育健康杂志》特约审稿专家。"
    }
}
