{
    "status": 0,
    "content": {
        "id": 2,
        "name": "牛志宏",
        "title": "副主任医师",
        "hospital": "上海瑞金医院",
        "profile": "../img/doctors/niuzhihong-profile.jpg",
        "year": 15,
        "people": "4000",
        "intro": "牛志宏，医学博士，副主任医师，瑞金医院生殖医学中心临床负责人。从事辅助生育技术工作十五年，对多囊卵巢综合征的治疗有着丰富的临床经验和独特方案，善于从多方面改善内分泌紊乱的症状，在3个月内让90%患者恢复正常排卵。"
    }
}
