{
    "status": 0,
    "content": {
        "id": 5,
        "name": "孙宁霞",
        "title": "副主任医师",
        "hospital": "上海长征医院",
        "profile": "../img/doctors/sunningxia-profile.jpg",
        "address": "上海长征医院门诊楼六楼",
        "year": 14,
        "people": 2000,
        "intro": "孙宁霞，副主任医师，上海长征医院生殖医学中心副主任医师、医学博士，现担任全军计划生育及优生优育专业委员会避孕与节育学组委员，上海市医学会围产医学分会青年委员，上海市中西医结合学会生殖医学分会青年委员。擅长应用妇科微创技术治疗不孕症及子宫内膜异位症等，在生殖内分泌疾病如多囊卵巢综合征、排卵障碍等疾病的诊治上有较丰富的经验。先后以第一申请人获上海市自然科学基金、上海市卫生局局级课题等。以第一作者发表SCI论文四篇。核心期刊论文10余篇。"
    }
}
