{
    "status": 0,
    "content": {
        "id": 3,
        "name": "王凤玲",
        "title": "主任医师",
        "hospital": "同济大学附属医院",
        "profile": "../img/doctors/wangfengling-profile.jpg",
        "address": "同济大学附属医院2楼A区",
        "year": 25,
        "people": 5000,
        "intro": "王凤玲，主任医师，从事妇产临床工作25年，积累了丰富的临床经验。擅长: 子宫内膜异位症、妇科肿瘤、性发育异常及生殖内分泌疾病的诊治。擅长妇科腹腔镜系列手术、宫腔镜系列手术、阴式系列手术和盆底重建术等，尤其擅长子宫内膜异位症相关的微创手术，大大地提高了不孕症的治愈率。以“用实例说话”的方式获得了同行、患者及家属的认可，被誉为“好孕医生”。"
    }
}
