{
    "status": 0,
    "content": {
        "id": 6,
        "name": "张爱军",
        "title": "主任医师",
        "hospital": "上海瑞金医院生殖医学中心",
        "profile": "../img/doctors/zhangaijun-profile.jpg",
        "address": "上海市瑞金二路197号上海瑞金医院总院门诊大楼17楼 生殖医学中心",
        "year": 25,
        "people": 5000,
        "intro": "张爱军，医学博士，主任医师，硕士研究生导师，上海交通大学医学院附属瑞金医院生殖医学中心常务副主任，中华医学会生殖分会青年委员，中华医学会实验室管理学组成员，上海医学会中西医结合生殖医学分会委员，中国医师协会男科学分会男性生殖医学专家委员，中国性学会生殖医学分会委员 ，《生殖与避孕》杂志编委，多个杂志的审稿专家，长期从事人类辅助生殖技术临床与研究工作，承担国家自然科学基金、上海市科委等多项课题，发表相关学术论文70余篇。精通人类辅助生殖胚胎室各项技术，擅长卵胞浆内单精子显微注射（ICSI）、胚胎辅助孵化、胚胎活检等显微操作技术。工作中建立了系统有效的实验室质控程序和严格的胚胎发育潜能评估系统，取得了良好的临床效果。"
    }
}
