{
    "pcode": "C01",
    "name": "夫妻孕前体检",
    "cover": "../img/services/C01.jpg",
    "suppliers": [
        {
            "hospital": "上海爱丁妇科门诊部",
            "address": "上海市静安区华山路2号高和大厦1003",
            "price": 0,
            "discount": 0,
            "unit": "根据实际情况选择检查项后线下支付"
        }
    ],
    "introduction": "本套餐涵盖了夫妻双方的常规健康检查以及优生优育、不孕不育等特殊检查。优生优育检查包括：女方妇科检查、白带常规、宫颈防癌检查、支原体、衣原体、淋球菌、生殖内分泌、乙肝两对半、妇科优生四项、男方精子质量分析、支原体、衣原体、淋球菌、乙肝两对半等。",
    "contents": "自选体检项目+医生分析检查结果与指导"
}