{
    "pcode": "C02",
    "name": "超声下子宫输卵管检查",
    "cover": "../img/services/C02.jpg",
    "suppliers": [
        {
            "hospital": "上海爱丁妇科门诊部",
            "address": "上海市静安区华山路2号高和大厦1003",
            "price": 2800,
            "discount": 1800,
            "unit": "元"
        }
    ],
    "introduction": "爱丁引进了新式造影技术，运用常规的阴道超声检查方式，通过推注显影剂达到清晰的输卵管造影，明确了解输卵管通畅情况以及子宫内膜情况。相比较传统的输卵管碘油造影，优势在于:1、准确度高2、无X线辐射3、造影剂更安全、检查当月即可备孕4、痛苦小，检查过程可实时和医生交流。此项服务只在女性月经干净3-7天才可进行，请算好预约时间，或电话咨询021-60825585。",
    "contents": "医生咨询+白带常规检查+超声监测下子宫输卵管造影检查1次+术后抗生素"
}
