{
    "pcode": "C03",
    "name": "B超卵泡监测",
    "cover": "../img/services/C03.jpg",
    "suppliers": [
        {
            "hospital": "上海爱丁妇科门诊部",
            "address": "上海市静安区华山路2号高和大厦1003",
            "price": 750,
            "unit": "元/周期"
        }
    ],
    "introduction": "爱丁根据患者的生理周期制定个性化的监测方案，指导最佳同房受孕时机，评估卵子质量以及子宫内膜情况，并给与个体治疗建议，节省患者的就医时间，精准“抓住”排卵期。",
    "contents": "单个月经周期内，医生咨询+不限次数B超卵泡监测"
}