{
    "pcode": "C04",
    "name": "卵巢储备功能评估套餐",
    "cover": "../img/services/C04.jpg",
    "suppliers": [
        {
            "hospital": "上海爱丁妇科门诊部",
            "address": "上海市静安区华山路2号高和大厦1003",
            "price": 2500,
            "discount": 1800,
            "unit": "元"
        }
    ],
    "introduction": "卵巢储备功能评估是女性生育力和青春的最直观评价，此套餐可以全面了解女性的卵巢储备功能，综合评估女性的生育潜能及受孕能力，给予她平衡事业与家庭的最佳备孕规划，尤其适合事业型女性。",
    "contents": "基础性激素六项+AMH+卵巢体积测量+窦卵泡计数"
}