{
    "pcode": "C06",
    "name": "夜门诊肌肉注射",
    "cover": "../img/services/C06.jpg",
    "suppliers": [
        {
            "hospital": "上海爱丁妇科门诊部",
            "address": "上海市静安区华山路2号高和大厦1003",
            "price": 100,
            "discount": 0,
            "unit": "元/次"
        }
    ],
    "introduction": "如果您为夜间肌肉注射找不到合适的医疗机构而发愁，请选择爱丁夜门诊优质护理服务。请携带医院开具的注射单，为了保证您的安全，外院带药需签署知情同意书，当晚注射请在当天下午3点前提交预约。",
    "contents": "肌肉注射、皮下注射（5PM-10PM)"
}
