{
    "pcode": "C07",
    "name": "AMH(抗苗勒氏管激素）",
    "cover": "../img/services/C07.jpg",
    "suppliers": [
        {
            "hospital": "上海爱丁妇科门诊部",
            "address": "上海市静安区华山路2号高和大厦1003",
            "price": 1000,
            "discount": 0,
            "unit": "元/次"
        }
    ],
    "introduction": "AMH是目前用于评估卵巢储备功能最有价值的指标",
    "contents": "AMH(抗苗勒氏管激素）"
}
