{
    "pcode": "C11",
    "name": "中医孕前调理",
    "cover": "../img/services/C11.jpg",
    "suppliers": [
        {
            "hospital": "上海爱丁妇科门诊部",
            "address": "上海市静安区华山路2号高和大厦1003",
            "price": 300,
            "discount": 0,
            "unit": "咨询费+100处方费"
        }
    ],
    "introduction": "根据女方月经情况，调理气血，改善经期及经期前后症状；改善宫寒，暖宫育卵，提高卵子质量。根据男方具体情况，增强体质，改善精子的密度以及活力，提高同房质量。",
    "contents": "咨询+中医处方"
}
