{
    "pcode": "C15",
    "name": "染色体疾病检测",
    "cover": "../img/services/C15.jpg",
    "suppliers": [
        {
            "hospital": "上海爱丁妇科门诊部",
            "address": "上海市静安区华山路2号高和大厦1003",
            "price": 2800,
            "discount": 0,
            "unit": "元/次"
        }
    ],
    "introduction": "全基因组检测，排查是否存在染色体数目及结果异常，适用于具有染色体疾病家族史的夫妇；\n死胎、反复性流产需要知道原因的夫妇；\n不孕不育需要查明的夫妇；\n染色体核型结果正常但超声显示结构异常的胎儿及父母；\n生育过染色体疾病患儿的夫妇及胎儿",
    "contents": "静脉抽血"
}
