{
    "pcode": "C16",
    "name": "妇科体检套餐",
    "cover": "../img/services/C16.png",
    "suppliers": [
        {
            "hospital": "上海爱丁妇科门诊部",
            "address": "上海市静安区华山路2号高和大厦1003",
            "price": 880,
            "discount": 0,
            "unit": "元/套"
        }
    ],
    "introduction": "各种妇科疾病每年都在增多，很多发现时都已经转化为慢性，或者晚期，所以女性朋友每年都应该进行定期的体检，妇科体检除了可以排查身体现有的问题之外还可以预防一些妇科疾病的发生。妇科体检是保证健康的前提。检查应避开经期，且最好选择月经结束到排卵日之前的这段时间接受检查。",
    "contents": "医生咨询＋妇科检查＋白带常规＋妇科阴道B超＋宫颈防癌涂片＋HPV检测"
}
