{
    "pcode": "D01",
    "name": "试管直通车",
    "cover": "../img/services/D01-cover.jpg",
    "services": {
        "服务提供": [
            "上海仁济医院",
            "上海集爱遗传与不孕诊疗中心",
            "上海曙光医院",
            "上海瑞金医院",
            "上海同济医院",
            "上海第一妇婴保健院",
            "上海第九人民医院"
        ],
        "服务特色": ["对接上海知名生殖中心，由专属专家为您全程服务亲自取卵移植，由爱丁助孕管家提供专业讲解与陪诊，为您打理一切就医事宜，良好的医患配合使得一次成功率平均提高20%。"],
        "服务流程": ["在爱丁门诊为您完成诊前评估和身体检查，根据您的情况安排上海最优秀的生殖专家，由爱丁为您完成一切围辅助生殖治疗的服务。更短的流程，更高的成功率！"]
    }
}
