{
    "pcode": "E01",
    "name": "中药调理",
    "cover": "../img/services/E01.jpg",
    "suppliers": [
        {
            "hospital": "上海爱丁妇科门诊部",
            "address": "上海市静安区华山路2号高和大厦1003",
            "price": 300,
            "discount": 0,
            "unit": "元/次，复诊处方100元/次"
        }
    ],
    "introduction": "通过对中医体质的辩证分析，中药调理体质，改善卵巢功能，增加卵巢窦卵泡储备，改善子宫内膜血流，提供子宫容受性，增加受孕几率。",
    "contents": "医生看诊+分析报告+处方"
}
