{
    "pcode": "E01",
    "name": "中医艾灸",
    "cover": "../img/services/E02.jpg",
    "suppliers": [
        {
            "hospital": "上海爱丁妇科门诊部",
            "address": "上海市静安区华山路2号高和大厦1003",
            "price": 1990,
            "discount": 0,
            "unit": "元/疗程(8-12次）"
        }
    ],
    "introduction": "通过艾叶穴位温灸治疗，能温宫暖肾、改善卵巢功能、改善子宫血液循环，从而治疗痛经、宫寒、子宫腺肌病、子宫内膜营养不良、反复流产等疾病，调整激素水平，提高卵子质量。电子灸治疗仪通过超临界萃取技术提取艾叶中的有效成分，比一般家用治疗仪有更好的透皮吸收效果。",
    "contents": "治疗时间30-40分钟，2-3次/周，一个月一疗程。"
}
