{
    "status": 0,
    "content": {
        "pcode": "A01",
        "name": "个性化备孕指导",
        "hospital": "爱丁妇科门诊部",
        "address": "上海市静安区华山路2号高和大厦1003室",
        "cover": "../../img/services/A01.jpg",
        "ways": [
            {
                "scode": "phone",
                "title": "电话咨询",
                "price": 100,
                "discount": 0,
                "unit": "元/次",
                "description": "在出生缺陷、胎停、流产等日益高发的今天，怀孕前的身心准备其实是一个系统工程，也许你刚开始计划拥有宝宝，也许你已经经历了数个周期希望与失望的轮回，科学备孕无法靠勤奋实现，更不能存在侥幸心理。让爱丁的专业医生来帮您，无论你身在何方，通过电话，医生会耐心聆听您的备孕经历，评估您的身体现状，为你全面规划孕前准备步骤，对宝宝的关爱从这里开始!"
            },
            {
                "scode": "clinic",
                "title": "实体门诊咨询",
                "price": 300,
                "discount": 0,
                "unit": "元/次",
                "description": "去医院，难免要耗上一天，各种排队挂号、排队看病、排队检查、排队交钱……爱丁门诊个性化备孕指导，不仅有专业的生殖内分泌医生为您全面分析评估备孕现状，解析难孕因素，根据您的评估及咨询信息制订成一份个性化备孕计划书，而且完成这整个过程，是无需排队的哦。请至少提前一天预约。"
            }
        ]
    }
}
