{
    "status": 0,
    "content": {
        "pcode": "A02",
        "name": "试管婴儿咨询",
        "hospital": "爱丁妇科门诊部",
        "address": "上海市静安区华山路2号高和大厦1003室",
        "cover": "../../img/services/A02.jpg",
        "ways": [
            {
                "scode": "phone",
                "title": "电话咨询",
                "price": 100,
                "discount": 0,
                "unit": "元/次",
                "description": "备孕途中，总会出现点“困难”，很多姐妹在通过辅助生育治疗帮助后，还是可以顺利怀孕的！所以千万不要对自己失去信心，爱丁会一直陪伴你成功好孕！如果您开始考虑试管婴儿等辅助生殖技术帮助了，我们可以帮助您分析您的个体情况，介绍辅助生殖具体流程，对您进行成功率评估。并根据您的病情，为您推荐适合您的生殖医学专家，直接对接到全国优质的三甲医院生殖中心开始试管婴儿治疗，缩短就医流程。请至少提前一天预约。"
            },
            {
                "scode": "clinic",
                "title": "实体门诊咨询",
                "price": 300,
                "discount": 0,
                "unit": "元/次",
                "description": "备孕路上，也许并不是那么顺利，不少女性最终是需要依靠辅助生殖技术的帮助才能顺利怀孕！也许你正在犹豫要不要走上试管的道路？也许你在试管道路上已经历经坎坷，下一步路在何方？我们会针对您具体情况进行利弊分析，帮助完善辅助生殖治疗前的必要检查，介绍辅助生殖具体流程，对您进行成功率评估。并根据您的病情，为您推荐适合您的生殖医学专家，直接对接到高端生殖中心开始试管婴儿治疗，缩短就医流程，早日好孕。"
            }
        ]
    }
}
