{
    "status": 0,
    "content": {
        "pcode": "B04",
        "name": "复发性流产的综合诊疗",
        "cover": "../../img/services/B04.jpg",
        "ways": [
            {
                "scode": "youxian",
                "title": "优先门诊",
                "price": 300,
                "discount": 0,
                "unit": "元/次"
            },
            {
                "scode": "peizhen",
                "title": "专业陪诊",
                "price": 1000,
                "discount": 0,
                "unit": "元/次"
            }
        ],
        "flows": [
            {
                "step": "诊前",
                "description": "爱丁提供电话预评估，助您了解自己，与医生沟通更顺畅。"
            },
            {
                "step": "诊中",
                "description": "三甲高级职称以上资深医生为您制订诊疗方案。"
            },
            {
                "step": "诊后",
                "description": "爱丁为您分析医嘱，讲解报告单，落实治疗流程。"
            },
            {
                "step": "跟踪",
                "description": "爱丁全程提供饮食、运动、心理等全方位指导，为好孕加速。"
            }
        ],
        "doctors": [
            {
                "id": "gaominzhi",
                "avatar": "../../img/doctors/gaominzhi-avatar.jpg",
                "name": "高敏芝",
                "title": "副主任医师",
                "hospital": "仁济北院",
                "address": "上海市灵山路845号，1楼挂号，4楼3诊室就诊",
                "type": "合作专家"
            }
        ],
        "introduction": "连续发生3次或3次以上的自然流产者称为复发性流产，临床表现为流产时可以表现为停经后阴道出血和腹痛。复发性流产的原因很多，主要包括染色体异常、母体生殖道异常、母体内分泌异常、免疫功能异常、生殖道感染、宫颈机能不全及血栓形成倾向等。爱丁邀请了在该领域有丰富诊疗经验的优秀医生为您制订诊疗计划，爱丁会对您进行全方位的跟踪，对医生用药方案进行跟踪解答。凡通过爱丁预约的患者，就医均可享受快速优质的医疗服务，享受门诊绿色通道就诊，专家诊疗时间不低于15分钟。"
    }
}
