{
    "status": 0,
    "content": {
        "pcode": "B06",
        "name": "反复种植失败的胚胎实验室分析",
        "cover": "../../img/services/B06.jpg",
        "ways": [{
            "scode": "phone",
            "title": "电话咨询",
            "price": 150,
            "discount": 0,
            "unit": "元/10分钟"
        }, {
            "scode": "youxian",
            "title": "优先门诊",
            "price": 300,
            "discount": 0,
            "unit": "元/次"
        }, {
            "scode": "peizhen",
            "title": "专业陪诊",
            "price": 1000,
            "discount": 0,
            "unit": "元/次"
        }],
        "flows": [{
            "step": "诊前",
            "description": "爱丁提供电话预评估，助您了解自己，与医生沟通更顺畅。"
        }, {
            "step": "诊中",
            "description": "三甲高级职称以上资深医生为您制订诊疗方案。"
        }, {
            "step": "诊后",
            "description": "爱丁为您分析医嘱，讲解报告单，落实治疗流程。"
        }, {
            "step": "跟踪",
            "description": "爱丁全程提供饮食、运动、心理等全方位指导，为好孕加速。"
        }],
        "doctors": [{
            "id": "zhangaijun",
            "avatar": "../../img/doctors/zhangaijun-avatar.jpg",
            "name": "张爱军",
            "title": "主任医师",
            "hospital": "上海瑞金医院",
            "address": "上海市瑞金二路197号上海瑞金医院总院门诊大楼17楼 生殖医学中心",
            "type": "合作专家"
        }],
        "introduction": "在试管婴儿的治疗过程中有三次以上的移植胚胎后不能获得妊娠称为反复种植失败。反复种植失败的病因非常复杂，配子胚胎质量和发育潜能异常、子宫内膜微环境异常以及可同时影响胚胎质量和子宫内膜微环境的全身因素均有可能导致反复种植失败。爱丁邀请该领域专家从多个方面入手，为您分析您失败的原因，并通过个性化促排卵方案，获得更多有效的胚胎并对胚胎进行多方面评估和筛选，必要时采取植入前胚胎遗传学筛选。"
    }
}
