{
    "status": 0,
    "content": {
        "pcode": "C01",
        "name": "夫妻孕前基础体检套餐",
        "cover": "../../img/services/C01.png",
        "suppliers": [
            {
                "hospital": "上海爱丁妇科门诊部",
                "address": "上海市静安区华山路2号高和大厦1003",
                "price": 1600,
                "discount": 0,
                "unit": "元/套"
            }
        ],
        "introduction": "坚持优生优育，拒绝出生缺陷！爱丁推出孕前检查套餐，套餐内包括夫妻双方的常规健康检查以及优生优育、不孕不育等特殊检查。优生优育检查包括：妇科优生十项（TORCH)、妇科检查、支原体、衣原体、淋球菌;男方精子质量分析。除套餐内服务我们还提供其他服务，可在您需要的服务项前面进行勾选。",
        "contents": "夫妻孕前检查项目(1600元）+自选体检项目+医生分析检查结果与指导"
    }
}
