{
    "status": 0,
    "content": {
        "pcode": "C04",
        "name": "卵巢储备功能评估套餐",
        "cover": "../../img/services/C04.jpg",
        "suppliers": [
            {
                "hospital": "上海爱丁妇科门诊部",
                "address": "上海市静安区华山路2号高和大厦1003",
                "price": 2000,
                "discount": 0,
                "unit": "元"
            }
        ],
        "introduction": "卵巢储备功能评估是女性生育力最直观评价，此套餐可以全面了解您的卵巢储备功能，综合评估您的生育潜能及受孕能力，给予您平衡事业与家庭的最佳备孕规划。",
        "contents": "基础性激素六项+AMH+妇科超声+医生咨询"
    }
}
