{
    "status": 0,
    "content": {
        "pcode": "C05",
        "name": "二胎备孕体检",
        "cover": "../../img/services/C05.png",
        "suppliers": [
            {
                "hospital": "上海爱丁妇科门诊部",
                "address": "上海市静安区华山路2号高和大厦1003",
                "price": 1990,
                "discount": 0,
                "unit": "元"
            }
        ],
        "introduction": "二胎孕前体检：\n优生Torch检查（致畸十项）+ 阴道分泌物检查（淋衣支）+精子质量检查\n\n再生育卵巢功能评估：\n性激素全套+窦卵泡超声计数\n\n产后子宫健康度评估：\n子宫内膜容受性+疤痕子宫再孕风险",
        "contents": "体检项目+医生分析检查结果与指导"
    }
}
