{
    "status": 0,
    "content": {
        "pcode": "C07",
        "name": "AMH(抗苗勒氏管激素）",
        "cover": "../../img/services/C07.jpg",
        "suppliers": [
            {
                "hospital": "上海爱丁妇科门诊部",
                "address": "上海市静安区华山路2号高和大厦1003",
                "price": 1000,
                "discount": 0,
                "unit": "元/次"
            }
        ],
        "introduction": "AMH是目前用于评估卵巢储备功能最有价值的指标, 抗苗勒氏管激素（AMH）在卵巢生长卵泡的颗粒细胞中表达，调控卵泡生长和发育。未生育女性的卵巢储备功能评估可以检测防止错过最佳生育时机；30周岁以上女性评估可以检测早期判断卵巢是否衰老；40周岁以上女性进行卵巢储备功能评估可以预测绝经年龄。AMH能够早期、客观、稳定、准确的评估女性的卵巢功能。",
        "contents": "卵巢功能检查+卵巢功能状况评估"
    }
}
