{
    "status": 0,
    "content": {
        "pcode": "C10",
        "name": "IVF术前体检套餐",
        "cover": "../../img/services/C10.png",
        "suppliers": [
            {
                "hospital": "上海爱丁妇科门诊部",
                "address": "上海市静安区华山路2号高和大厦1003",
                "price": 7500,
                "discount": 0,
                "unit": "元/套"
            }
        ],
        "introduction": "如果您开始考虑试管婴儿等辅助生殖技术帮助，爱丁IVF术前体检套餐可以帮您分析个体情况，对您进行成功率评估，并请专家根据您的病情进行会诊，为您推荐最适合的方案。",
        "contents": "常规检查包括双方：\n血常规＋尿常规＋ABO+RH血型＋乙肝两对半＋丙肝＋HIV＋梅毒＋肝肾功＋淋球菌＋支原体＋衣原体\n男方：精液常规\n女方：凝血四项＋血糖＋性激素全套＋白带常规＋宫颈防癌涂片＋心电图"
    }
}
