{
    "status": 0,
    "content": {
        "pcode": "C12",
        "name": "不孕不育免疫检测套餐",
        "cover": "../../img/services/C12.png",
        "suppliers": [
            {
                "hospital": "上海爱丁妇科门诊部",
                "address": "上海市静安区华山路2号高和大厦1003",
                "price": 280,
                "discount": 0,
                "unit": "元/套"
            }
        ],
        "introduction": "明明双方都做了各种检查化验均显示正常，为什么宝宝迟迟不来呢？您知道免疫性抗体也会引起不孕吗？据估计，在所有引起不孕的原因中，免疫学因素所致的不孕不育症大约占10—20%。还等什么，快来爱丁排除疑虑吧！",
        "contents": "抗精子抗体＋抗子宫内膜抗体＋抗心磷脂抗体＋抗卵巢抗体"
    }
}
