{
    "status": 0,
    "content": {
        "pcode": "C15",
        "name": "染色体疾病检测套餐",
        "cover": "../../img/services/C15.jpg",
        "suppliers": [
            {
                "hospital": "上海爱丁妇科门诊部",
                "address": "上海市静安区华山路2号高和大厦1003",
                "price": 3500,
                "discount": 0,
                "unit": "元/次"
            }
        ],
        "introduction": "染色体疾病可直接影响生育功能和生育质量，在孕前进行染色体检查，可了解夫妻双方生育功能及预测生育染色体疾病遗传给后代的风险，以采取积极有效的干预措施，从而达到优生的目的。",
        "contents": "染色体微缺失/微重复＋外周血染色体核型分析（G带或R带，550带）"
    }
}
