{
    "status": 0,
    "content": {
        "pcode": "C16",
        "name": "反复性流产免疫检测套餐",
        "cover": "../../img/services/C17.png",
        "suppliers": [
            {
                "hospital": "上海爱丁妇科门诊部",
                "address": "上海市静安区华山路2号高和大厦1003",
                "price": 800,
                "discount": 0,
                "unit": "元/套"
            }
        ],
        "introduction": "40%-80%不明原因反复性早期自然流产与免疫因素有关。爱丁邀请了在复发性流产治疗领域有丰富诊疗经验的优秀医生为患者制订诊疗计划,同时推出反复性流产免疫全套检查，检查项目包括：抗心磷脂抗体、抗精子抗体、抗子宫内膜抗体",
        "contents": "抗心磷脂抗体＋抗核抗体＋抗子宫内膜抗体＋封闭抗体"
    }
}
