{
    "status": 0,
    "content": {
        "pcode": "C18",
        "name": "子宫内膜容受性评估",
        "cover": "../../img/services/A01.jpg",
        "suppliers": [
            {
                "hospital": "上海爱丁妇科门诊部",
                "address": "上海市静安区华山路2号高和大厦1003",
                "price": 600,
                "discount": 0,
                "unit": "元/套"
            }
        ],
        "introduction": "子宫内膜容受性评估是指子宫内膜接受受精卵着床，并且发育成胚胎的能力。适宜在排卵后检查。<br/>适应症：<br/>1.胚胎移植前<br/>2.反复性流产<br/>3.流产后内膜损伤评估<br/>非创伤性检查方法，方便、安全，胚胎移植率评估，预测妊娠结局重要因素之一。<br/>",
        "contents": "子宫内膜容受性评估"
    }
}

