{
    "status": 0,
    "content": {
        "pcode": "D02",
        "name": "美国试管婴儿计划",
        "cover": "../../img/services/D02-cover.jpg",
        "services": {
            "服务提供": ["HRC亨廷顿生育治疗中心", "SCRC南加州生育中心", "FCLV拉斯维加斯生殖医疗中心"],
            "服务特色": ["美国的医学中心拥有着世界最先进的诊疗水平和基因筛查技术，对胚胎优选、家族遗传病等有着最先进的处理措施，同时美国不同的洲有着不同的立法政策，可以满足不同家庭的需求"],
            "服务流程": ["请先电话预约爱丁咨询评估，根据您的情况预约美国生殖中心专家，为您完成诊前评估和身体检查，帮助打理就医过程中的一切事宜，回国后可在爱丁门诊进行后续支持随访。"]
        }
    }
}
