{
    "status": 0,
    "content": {
        "pcode": "D03",
        "name": "日本试管婴儿计划",
        "cover": "../../img/services/D03-cover.jpg",
        "services": {
            "服务提供": ["日本英医院"],
            "服务特色": ["日本的生殖技术十分发达，有针对高龄妇女和卵巢功能低下患者的特色促排卵方案，胚胎实验室采用超音波显微受精技术精心呵护每个卵子，同时还有最先进的Time-Lapse培养系统和胚胎冷冻复苏技术。英医院还独创了SEET（薄膜）移植法二阶段移植法给患者给多好孕机会。"],
            "服务流程": ["请先电话预约爱丁门诊咨询评估，爱丁为您预约日本著名医院的专家门诊，可协助为您办理赴日手续，首次赴日检查并制定诊疗方案，回国在爱丁门诊完成基础医疗，择时赴日手术。"]
        }
    }
}
