{
    "status": 0,
    "content": {
        "pcode": "D04",
        "name": "泰国试管婴儿计划",
        "cover": "../../img/services/D04-cover.jpg",
        "services": {
            "服务提供": ["Jetain 第一试管婴儿", "泰国曼谷安全生殖中心（SFC）", "泰国Superior A.R.T.医院"],
            "服务特色": ["泰国的生殖医学是其著名旅游医疗的特色项目，优秀的海外培训医生、良好的服务意识，及第三代试管婴儿和基因筛查等服务，让您的家庭规划心想事成。"],
            "服务流程": ["请先电话预约爱丁门诊咨询评估，爱丁为您预约著名医院的专家，为您完成诊前评估和身体检查，帮助打理就医过程中的一切事宜，回国后可在爱丁门诊进行后续支持随访。"]
        }
    }
}
