{
    "status": 0,
    "content": {
        "pcode": "E03",
        "name": "中医穴位注射",
        "cover": "../../img/services/E03.jpg",
        "suppliers": [
            {
                "hospital": "上海爱丁妇科门诊部",
                "address": "上海市静安区华山路2号高和大厦1003",
                "price": 2990,
                "discount": 0,
                "unit": "元/疗程（4-8次）"
            }
        ],
        "introduction": "通过特异性中医穴位的注射治疗，达到调理体质、益气养血健体、改善调节卵巢功能，激发卵巢活力及反应性以及调经的功效。",
        "contents": "治疗时间30-40分钟，2-3次/周，一个月一疗程。"
    }
}
