{
    "pcode": "A02",
    "name": "试管婴儿咨询",
    "hospital": "爱丁妇科门诊部",
    "address": "上海市静安区华山路2号高和大厦1003室",
    "cover": "../img/services/A02.jpg",
    "ways": [
        {
            "scode": "phone",
            "title": "电话咨询",
            "price": 50,
            "discount": 0,
            "unit": "元/次",
            "description": "通过电话，为患者提供试管婴儿技术咨询，指导患者科学备孕。"
        },
        {
            "scode": "clinic",
            "title": "实体门诊咨询",
            "price": 300,
            "discount": 0,
            "unit": "元/次",
            "description": "在爱丁门诊为患者提供试管婴儿技术咨询，指导患者科学备孕。"
        }
    ]
}